<?xml version="1.0" encoding="UTF-8"?>
<document>
	<properties>
		<title>Welcome to Aptina Project</title>
	</properties>
	<body>
		<section name="Aptina Project">
			<p>
				<strong>Aptina</strong>
				プロジェクトは，
				<a href="http://jcp.org/en/jsr/detail?id=269">
					Pluggable Annotation Processing API (JSR 269)
				</a>
				を利用する注釈処理ツールや，
				注釈処理ツールを開発するためのコンポーネントを提供します．
			</p>
		</section>

		<section name="サブプロジェクト">
			<table>
				<tbody>
					<tr>
						<td>
							<a href="aptina-unit/index.html">Aptina Unit</a>
						</td>
						<td>注釈処理ツールの単体テストを支援する JUnit 拡張を提供します．</td>
						<td>
							<a href="aptina-unit/apidocs/index.html">Javadoc</a>
						</td>
					</tr>
					<tr>
						<td>
							<a href="aptina-beans/index.html">Aptina Beans</a>
						</td>
						<td>
							フィールドを定義したクラスから， getter/setter メソッドを定義したサブクラスを生成する
							Annotation Processor を提供します．
						</td>
						<td>
							<a href="aptina-beans/apidocs/index.html">Javadoc</a>
						</td>
					</tr>
				</tbody>
			</table>
		</section>

		<section name="News">
			<dl>
				<!--
					<dt>2009/06/01</dt> <dd> <div> Aptina 0.0.0 をリリースしました． ( <a href="downloads.html">ダウンロード</a> )
					( <a href="">変更履歴</a> ) </div> </dd>
				-->
				<dt>2009/06/01</dt>
				<dd>
					<div>
						Aptina プロジェクトを開設しました．
					</div>
				</dd>
			</dl>
		</section>
	</body>
</document>
